{"train_loss": [7.303070545196533, 7.244664192199707, 7.20052433013916, 7.161076545715332, 7.102082252502441, 7.0400848388671875, 6.952914714813232, 6.966921806335449, 6.855025768280029, 6.793050765991211, 6.679594993591309, 6.665502548217773, 6.661994457244873, 6.642402648925781, 6.638837814331055, 6.621089458465576, 6.580700874328613, 6.516275405883789, 6.607235908508301, 6.5730743408203125, 6.521244049072266, 6.563401222229004, 6.443253993988037, 6.443260192871094, 6.397524356842041, 6.384676933288574, 6.375241279602051, 6.315139293670654, 6.27934455871582, 6.223423480987549, 6.206672191619873, 6.244668960571289, 6.174444675445557, 6.220327854156494, 6.169944763183594, 6.131753444671631, 6.153367519378662, 6.126718521118164, 6.086191177368164, 6.047102451324463, 6.087431907653809, 6.020132064819336, 6.039251804351807, 6.001412391662598, 5.9720306396484375, 5.958177089691162, 5.954982280731201, 5.9315900802612305, 5.938103199005127, 5.915658473968506], "val_acc": [0.25, 0.325, 0.3875, 0.2875, 0.55, 0.575, 0.6125, 0.675, 0.6625, 0.6875, 0.675, 0.7125, 0.675, 0.6625, 0.625, 0.6375, 0.65, 0.6875, 0.675, 0.6875, 0.675, 0.6625, 0.675, 0.675, 0.6625, 0.6375, 0.6625, 0.6625, 0.6625, 0.65, 0.6625, 0.6375, 0.625, 0.6125, 0.6625, 0.6625, 0.675, 0.6125, 0.6625, 0.6625, 0.6625, 0.625, 0.6375, 0.65, 0.6375, 0.6625, 0.6125, 0.625, 0.65, 0.6875], "val_f1": [0.1668520578420467, 0.23681776133209992, 0.3087344028520499, 0.16831017480950244, 0.5020119863013699, 0.5359243697478991, 0.6102449223416965, 0.6740384615384616, 0.6553362573099415, 0.6750050802682381, 0.6695295983086681, 0.7086701674936969, 0.6661078873844831, 0.6575757575757576, 0.6100745112618893, 0.619432590485222, 0.6366374269005848, 0.6856426231426231, 0.67527862331485, 0.6746840116405334, 0.6631955442931052, 0.6488241881298992, 0.6649022124896171, 0.6609671518208103, 0.6430619089155675, 0.6253844289558576, 0.6542662789338322, 0.6537626105368041, 0.6577256501784804, 0.6492477197061238, 0.6535219712263974, 0.6328909612625538, 0.6111977361977361, 0.6086649550706034, 0.6603784265548972, 0.6535219712263974, 0.6737378612378613, 0.6132720712309929, 0.6656251996677529, 0.6639217540618683, 0.6626373378563617, 0.6174053966453286, 0.6350858531538891, 0.6513593065000655, 0.6413925290914275, 0.6642589118198874, 0.627786853661721, 0.6302376889668289, 0.6488075337561859, 0.6689704403650802]}