{"train_loss": [7.2529377937316895, 7.243979454040527, 7.240828037261963, 7.197638988494873, 7.159753799438477, 7.0468974113464355, 7.02468729019165, 6.8762664794921875, 6.824507713317871, 6.786927223205566, 6.781896114349365, 6.698115348815918, 6.649232864379883, 6.6666154861450195, 6.569073677062988, 6.559112548828125, 6.55598783493042, 6.531278610229492, 6.493732452392578, 6.475961685180664, 6.482966899871826, 6.46328592300415, 6.431790351867676, 6.359559059143066, 6.402547359466553, 6.351227283477783, 6.302544593811035, 6.301046371459961, 6.275437831878662, 6.218769073486328, 6.188080310821533, 6.149575233459473, 6.140542507171631, 6.113592624664307, 6.081668376922607, 6.105862617492676, 6.1025495529174805, 6.050664901733398, 5.9973039627075195, 5.983792304992676, 5.964247703552246, 5.967648029327393, 5.89161491394043, 5.913471221923828, 5.900683403015137, 5.938440799713135, 5.795920372009277, 5.833591938018799, 5.825830936431885, 5.834709644317627], "val_acc": [0.25, 0.2625, 0.275, 0.3, 0.45, 0.65, 0.75, 0.825, 0.8, 0.7625, 0.7875, 0.7375, 0.75, 0.7625, 0.7625, 0.75, 0.7625, 0.75, 0.7625, 0.75, 0.75, 0.7625, 0.7375, 0.75, 0.75, 0.775, 0.75, 0.7375, 0.7375, 0.725, 0.7375, 0.75, 0.725, 0.7, 0.725, 0.7125, 0.725, 0.725, 0.75, 0.7625, 0.7375, 0.7125, 0.7125, 0.7125, 0.725, 0.7125, 0.7125, 0.75, 0.7375, 0.7125], "val_f1": [0.1, 0.12481962481962482, 0.14749536178107608, 0.1931935817805383, 0.40065434150394685, 0.60996135996136, 0.7298809523809524, 0.8219974488651296, 0.7963540335633359, 0.7649967040210943, 0.782778901896549, 0.7417624042624043, 0.7551303854875283, 0.7664355144618302, 0.7624283374283374, 0.7457320670459313, 0.7610936758603779, 0.7369223525097716, 0.7533396814796952, 0.7432798631006917, 0.7462369201499637, 0.7626106369527422, 0.7369578881206789, 0.7521337539630222, 0.7554353304353305, 0.7767354596622889, 0.7532310203056837, 0.7369578881206789, 0.7369578881206789, 0.7258478534488326, 0.7369578881206789, 0.744912101393294, 0.7159739681542008, 0.6895367944475087, 0.7188191492813342, 0.7049379192236335, 0.7198964116986645, 0.7201566194755988, 0.7521192359606994, 0.7633670383670383, 0.7351703534197814, 0.7049878612378613, 0.7091768787420961, 0.7049878612378613, 0.7105573014875342, 0.6938094989182305, 0.7049878612378613, 0.7521192359606994, 0.7391099891099892, 0.7049878612378613]}