{"train_loss": [6.522315502166748, 6.449836730957031, 6.43084192276001, 6.333145618438721, 6.283416271209717, 6.264942646026611, 6.185303688049316, 6.124000549316406, 6.085970401763916, 6.080158233642578, 6.035707473754883, 6.029937267303467, 6.016905307769775, 6.011349201202393, 6.027365207672119, 6.00407075881958, 6.018024921417236, 5.9854326248168945, 6.031970977783203, 6.015617847442627, 5.986932277679443, 5.980593681335449, 5.980236530303955, 5.973921775817871, 5.9768476486206055, 5.943819999694824, 5.9211835861206055, 5.9080986976623535, 5.907711505889893, 5.897720813751221, 5.88317346572876, 5.852545261383057, 5.867482662200928, 5.817361831665039, 5.8242034912109375, 5.820096492767334, 5.8562140464782715, 5.837759017944336, 5.807652950286865, 5.8624796867370605, 5.835330963134766, 5.791656017303467, 5.792911529541016, 5.849878787994385, 5.875846862792969, 5.767274379730225, 5.852651119232178, 5.803014278411865, 5.826478958129883, 5.804629325866699], "val_acc": [0.525, 0.525, 0.525, 0.525, 0.55, 0.55, 0.525, 0.525, 0.525, 0.525, 0.525, 0.525, 0.525, 0.5, 0.525, 0.525, 0.525, 0.525, 0.5, 0.525, 0.525, 0.525, 0.525, 0.475, 0.475, 0.475, 0.475, 0.475, 0.5, 0.5, 0.525, 0.525, 0.55, 0.525, 0.525, 0.525, 0.5, 0.525, 0.525, 0.55, 0.6, 0.625, 0.625, 0.625, 0.65, 0.625, 0.6, 0.575, 0.6, 0.625], "val_f1": [0.44727272727272727, 0.38660209846650523, 0.38660209846650523, 0.42028985507246375, 0.4642857142857143, 0.4642857142857143, 0.42028985507246375, 0.42028985507246375, 0.42028985507246375, 0.42028985507246375, 0.42028985507246375, 0.42028985507246375, 0.42028985507246375, 0.4301994301994302, 0.44727272727272727, 0.44727272727272727, 0.44727272727272727, 0.44727272727272727, 0.4301994301994302, 0.4689028651292802, 0.4689028651292802, 0.44727272727272727, 0.44727272727272727, 0.3592677345537757, 0.3592677345537757, 0.3592677345537757, 0.3592677345537757, 0.3592677345537757, 0.40476190476190477, 0.40476190476190477, 0.44727272727272727, 0.44727272727272727, 0.4642857142857143, 0.44727272727272727, 0.4689028651292802, 0.4689028651292802, 0.4301994301994302, 0.44727272727272727, 0.44727272727272727, 0.48717948717948717, 0.5733333333333334, 0.6050032916392363, 0.6050032916392363, 0.6050032916392363, 0.6419437340153453, 0.6050032916392363, 0.5604395604395604, 0.5248078266946191, 0.5604395604395604, 0.5943204868154158]}