{"train_loss": [6.558419227600098, 6.503423690795898, 6.439018249511719, 6.364917278289795, 6.348347187042236, 6.2413740158081055, 6.202676296234131, 6.1750807762146, 6.155213832855225, 6.093806266784668, 6.013280868530273, 6.011086940765381, 5.997958183288574, 5.998187065124512, 6.022487163543701, 5.982507228851318, 5.944686412811279, 5.932056427001953, 5.913896560668945, 5.926825046539307, 5.887223720550537, 5.885592460632324, 5.873020648956299, 5.827744007110596, 5.8498430252075195, 5.827170372009277, 5.823892116546631, 5.813595294952393, 5.795609474182129, 5.893226146697998, 5.885198593139648, 5.8081159591674805, 5.815945148468018, 5.785626411437988, 5.798900127410889, 5.831223964691162, 5.783747673034668, 5.84398889541626, 5.8271965980529785, 5.781999588012695, 5.796550750732422, 5.772238254547119, 5.742760181427002, 5.805790901184082, 5.81900691986084, 5.737109661102295, 5.756040096282959, 5.728621482849121, 5.706638336181641, 5.765383243560791], "val_acc": [0.5, 0.5, 0.55, 0.5, 0.5, 0.5, 0.5, 0.5, 0.475, 0.625, 0.475, 0.5, 0.525, 0.55, 0.525, 0.525, 0.525, 0.55, 0.55, 0.55, 0.525, 0.525, 0.525, 0.525, 0.525, 0.525, 0.525, 0.525, 0.525, 0.525, 0.55, 0.6, 0.625, 0.55, 0.5, 0.525, 0.625, 0.65, 0.625, 0.65, 0.625, 0.65, 0.625, 0.65, 0.625, 0.6, 0.625, 0.625, 0.65, 0.625], "val_f1": [0.3730407523510972, 0.3730407523510972, 0.48717948717948717, 0.3333333333333333, 0.3333333333333333, 0.3333333333333333, 0.3333333333333333, 0.3333333333333333, 0.4129979035639413, 0.6247654784240151, 0.4584139264990329, 0.45054945054945056, 0.44727272727272727, 0.4642857142857143, 0.42028985507246375, 0.42028985507246375, 0.42028985507246375, 0.4642857142857143, 0.4642857142857143, 0.4642857142857143, 0.44727272727272727, 0.44727272727272727, 0.44727272727272727, 0.44727272727272727, 0.44727272727272727, 0.4689028651292802, 0.4689028651292802, 0.4689028651292802, 0.4689028651292802, 0.4689028651292802, 0.5054945054945055, 0.5733333333333334, 0.6050032916392363, 0.5054945054945055, 0.4301994301994302, 0.4689028651292802, 0.6050032916392363, 0.6419437340153453, 0.6190476190476191, 0.6419437340153453, 0.6131528046421664, 0.6419437340153453, 0.6190476190476191, 0.6464646464646464, 0.6190476190476191, 0.5907928388746804, 0.6190476190476191, 0.6131528046421664, 0.6419437340153453, 0.6131528046421664]}