{"train_loss": [6.5486860275268555, 6.503670692443848, 6.452491283416748, 6.380340576171875, 6.3152689933776855, 6.263091087341309, 6.23972225189209, 6.144675254821777, 6.074390411376953, 6.088812351226807, 6.031793117523193, 6.003825664520264, 6.028249740600586, 5.956644058227539, 5.998106002807617, 5.9863128662109375, 5.975144386291504, 5.952535152435303, 5.930256366729736, 5.921464443206787, 5.880037307739258, 5.876767158508301, 5.826111793518066, 5.821946144104004, 5.905160903930664, 5.831271648406982, 5.805216312408447, 5.858429908752441, 5.852176666259766, 5.7874755859375, 5.805653095245361, 5.864267349243164, 5.801889419555664, 5.76649808883667, 5.782770156860352, 5.735320568084717, 5.811920166015625, 5.768853664398193, 5.839665412902832, 5.722410202026367, 5.8118577003479, 5.8391432762146, 5.791330337524414, 5.756545543670654, 5.808004856109619, 5.794848442077637, 5.71350622177124, 5.733694553375244, 5.728856086730957, 5.708837032318115], "val_acc": [0.5, 0.5, 0.5, 0.525, 0.475, 0.475, 0.475, 0.5, 0.5, 0.575, 0.675, 0.625, 0.5, 0.525, 0.525, 0.5, 0.5, 0.5, 0.5, 0.5, 0.5, 0.5, 0.525, 0.525, 0.525, 0.525, 0.525, 0.525, 0.575, 0.575, 0.625, 0.6, 0.55, 0.575, 0.55, 0.65, 0.7, 0.65, 0.575, 0.575, 0.575, 0.575, 0.575, 0.6, 0.625, 0.575, 0.55, 0.575, 0.575, 0.6], "val_f1": [0.3333333333333333, 0.3333333333333333, 0.3333333333333333, 0.44727272727272727, 0.3220338983050847, 0.3220338983050847, 0.3220338983050847, 0.3730407523510972, 0.3730407523510972, 0.5248078266946191, 0.6747967479674797, 0.5943204868154158, 0.3730407523510972, 0.38660209846650523, 0.38660209846650523, 0.3333333333333333, 0.3333333333333333, 0.3333333333333333, 0.3333333333333333, 0.3333333333333333, 0.3333333333333333, 0.3333333333333333, 0.38660209846650523, 0.38660209846650523, 0.38660209846650523, 0.38660209846650523, 0.38660209846650523, 0.38660209846650523, 0.5248078266946191, 0.5402298850574713, 0.6050032916392363, 0.5733333333333334, 0.5054945054945055, 0.5248078266946191, 0.5054945054945055, 0.6419437340153453, 0.6992481203007519, 0.6419437340153453, 0.5402298850574713, 0.5248078266946191, 0.5248078266946191, 0.5248078266946191, 0.5248078266946191, 0.5733333333333334, 0.6050032916392363, 0.5402298850574713, 0.5054945054945055, 0.5248078266946191, 0.5402298850574713, 0.5833333333333333]}