{"train_loss": [1.2833704948425293, 1.2785494327545166, 1.275834560394287, 1.280766487121582, 1.275388240814209, 1.2730591297149658, 1.2701094150543213, 1.259738802909851, 1.2601349353790283, 1.2552635669708252, 1.2585406303405762, 1.2481236457824707, 1.246169090270996, 1.2385581731796265, 1.2467913627624512, 1.2448890209197998, 1.2453913688659668, 1.2417292594909668, 1.240016222000122, 1.2396438121795654, 1.226770281791687, 1.2412797212600708, 1.2286300659179688, 1.2375953197479248, 1.2425364255905151, 1.2297031879425049, 1.2432425022125244, 1.2205336093902588, 1.2148809432983398, 1.2053956985473633, 1.2097506523132324, 1.2024271488189697, 1.201737880706787, 1.1744201183319092, 1.1671518087387085, 1.175244688987732, 1.1664379835128784, 1.170567512512207, 1.153372049331665, 1.159875512123108, 1.2079806327819824, 1.1929094791412354, 1.1786001920700073, 1.167093276977539, 1.1596808433532715, 1.136329174041748, 1.1412975788116455, 1.1486152410507202, 1.131239414215088, 1.122567892074585], "val_acc": [0.5, 0.6, 0.55, 0.55, 0.6, 0.6, 0.5, 0.5, 0.475, 0.475, 0.475, 0.475, 0.575, 0.525, 0.525, 0.6, 0.6, 0.65, 0.6, 0.55, 0.525, 0.55, 0.525, 0.55, 0.55, 0.55, 0.525, 0.55, 0.525, 0.525, 0.525, 0.55, 0.55, 0.55, 0.55, 0.575, 0.575, 0.625, 0.575, 0.625, 0.625, 0.625, 0.625, 0.625, 0.625, 0.675, 0.675, 0.65, 0.675, 0.675], "val_f1": [0.3333333333333333, 0.5907928388746804, 0.4357366771159875, 0.4357366771159875, 0.5441595441595442, 0.5833333333333333, 0.4949494949494949, 0.4949494949494949, 0.4470046082949308, 0.4470046082949308, 0.4470046082949308, 0.4666666666666667, 0.5747342088805503, 0.5223130106851037, 0.5174603174603174, 0.5833333333333333, 0.5833333333333333, 0.6266666666666667, 0.5833333333333333, 0.5396419437340154, 0.5223130106851037, 0.5488721804511278, 0.5223130106851037, 0.5488721804511278, 0.55, 0.5488721804511278, 0.5223130106851037, 0.5488721804511278, 0.5247029393370857, 0.5247029393370857, 0.5247029393370857, 0.5488721804511278, 0.5488721804511278, 0.5488721804511278, 0.5488721804511278, 0.5747342088805503, 0.5747342088805503, 0.6228786926461345, 0.5747342088805503, 0.6247654784240151, 0.6247654784240151, 0.6247654784240151, 0.6247654784240151, 0.6247654784240151, 0.6247654784240151, 0.6731615336266499, 0.6731615336266499, 0.65, 0.6747967479674797, 0.6747967479674797]}