{"train_loss": [6.512166500091553, 6.49620246887207, 6.413093090057373, 6.316673278808594, 6.257220268249512, 6.1647114753723145, 6.098467826843262, 6.002048015594482, 5.9750471115112305, 5.897317409515381, 5.837428569793701, 5.785693645477295, 5.763393878936768, 5.711369037628174, 5.767838001251221, 5.7175164222717285, 5.699373722076416, 5.668254375457764, 5.6348371505737305, 5.626923084259033, 5.607932090759277, 5.579122066497803, 5.635378837585449, 5.568262100219727, 5.60551118850708, 5.579598903656006, 5.540660381317139, 5.5632734298706055, 5.517075061798096, 5.532468318939209, 5.514448642730713, 5.512826919555664, 5.5106353759765625, 5.472254276275635, 5.473235607147217, 5.435153961181641, 5.458637237548828, 5.457796096801758, 5.445440769195557, 5.425962924957275, 5.433464050292969, 5.42776346206665, 5.388444423675537, 5.364983558654785, 5.363334655761719, 5.342341423034668, 5.299561500549316, 5.318246841430664, 5.3251519203186035, 5.299771785736084], "val_acc": [0.525, 0.55, 0.5, 0.5, 0.5, 0.5, 0.5, 0.5, 0.55, 0.55, 0.6, 0.625, 0.625, 0.625, 0.625, 0.625, 0.625, 0.625, 0.625, 0.625, 0.625, 0.625, 0.625, 0.6, 0.625, 0.625, 0.625, 0.575, 0.6, 0.65, 0.65, 0.625, 0.625, 0.625, 0.625, 0.625, 0.625, 0.625, 0.625, 0.625, 0.625, 0.625, 0.625, 0.625, 0.625, 0.65, 0.625, 0.625, 0.625, 0.625], "val_f1": [0.42028985507246375, 0.5396419437340154, 0.3333333333333333, 0.3333333333333333, 0.3333333333333333, 0.3333333333333333, 0.3333333333333333, 0.3333333333333333, 0.4357366771159875, 0.4642857142857143, 0.5733333333333334, 0.6050032916392363, 0.6131528046421664, 0.6131528046421664, 0.6131528046421664, 0.6131528046421664, 0.6050032916392363, 0.6050032916392363, 0.6050032916392363, 0.6050032916392363, 0.6050032916392363, 0.6050032916392363, 0.6050032916392363, 0.5833333333333333, 0.6228786926461345, 0.6228786926461345, 0.6228786926461345, 0.5747342088805503, 0.5989974937343359, 0.6419437340153453, 0.6354166666666667, 0.6131528046421664, 0.6190476190476191, 0.6247654784240151, 0.6247654784240151, 0.6247654784240151, 0.6247654784240151, 0.6247654784240151, 0.6247654784240151, 0.6247654784240151, 0.6247654784240151, 0.6247654784240151, 0.6247654784240151, 0.6247654784240151, 0.6247654784240151, 0.65, 0.6247654784240151, 0.6247654784240151, 0.6247654784240151, 0.6247654784240151]}