{"train_loss": [NaN, NaN, NaN, NaN, NaN, NaN, NaN, NaN, NaN, NaN], "val_acc": [0.5, 0.5, 0.5, 0.5, 0.5, 0.5, 0.5, 0.5, 0.5, 0.5], "val_f1": [0.3333333333333333, 0.3333333333333333, 0.3333333333333333, 0.3333333333333333, 0.3730407523510972, 0.3730407523510972, 0.3730407523510972, 0.3730407523510972, 0.3333333333333333, 0.3333333333333333]}