{"dataset": "MR", "seed": 1, "test_acc": 0.5690406240502482, "test_f1": 0.5668935751710384}