{"train_loss": [6.501734733581543, 6.468874454498291, 6.403321743011475, 6.336924076080322, 6.294053077697754, 6.225628852844238, 6.224359512329102, 6.133419513702393, 6.064074993133545, 6.068145751953125, 6.022084712982178, 6.00688362121582, 5.984762191772461, 5.964117050170898, 5.926821231842041, 5.952936172485352, 5.9567975997924805, 5.942502975463867, 5.90456485748291, 5.89649772644043, 5.868345260620117, 5.827932834625244, 5.87683629989624, 5.829720973968506, 5.8347554206848145, 5.795307159423828, 5.814935684204102, 5.78641939163208, 5.783618927001953, 5.799548149108887, 5.797802925109863, 5.85010290145874, 5.815195083618164, 5.800117492675781, 5.832900047302246, 5.773663520812988, 5.771456718444824, 5.777764797210693, 5.783426284790039, 5.726702690124512, 5.764956474304199, 5.700534820556641, 5.723287582397461, 5.701305866241455, 5.7022480964660645, 5.692686080932617, 5.690822601318359, 5.719125270843506, 5.6788649559021, 5.653249263763428], "val_acc": [0.5, 0.5, 0.5, 0.6, 0.525, 0.5, 0.5, 0.5, 0.5, 0.475, 0.475, 0.475, 0.5, 0.475, 0.5, 0.5, 0.65, 0.675, 0.625, 0.625, 0.65, 0.675, 0.675, 0.675, 0.675, 0.65, 0.675, 0.6, 0.475, 0.475, 0.6, 0.6, 0.5, 0.475, 0.5, 0.6, 0.625, 0.625, 0.6, 0.6, 0.625, 0.65, 0.65, 0.65, 0.65, 0.675, 0.675, 0.675, 0.675, 0.65], "val_f1": [0.40476190476190477, 0.3333333333333333, 0.3333333333333333, 0.5733333333333334, 0.4689028651292802, 0.40476190476190477, 0.40476190476190477, 0.40476190476190477, 0.40476190476190477, 0.3592677345537757, 0.3592677345537757, 0.3592677345537757, 0.40476190476190477, 0.3890909090909091, 0.4301994301994302, 0.45054945054945056, 0.6419437340153453, 0.6698412698412699, 0.6131528046421664, 0.6131528046421664, 0.6464646464646464, 0.6747967479674797, 0.6747967479674797, 0.6698412698412699, 0.6647324306898775, 0.6419437340153453, 0.6647324306898775, 0.5733333333333334, 0.3890909090909091, 0.3890909090909091, 0.5733333333333334, 0.5733333333333334, 0.4301994301994302, 0.3890909090909091, 0.4301994301994302, 0.5733333333333334, 0.6050032916392363, 0.6050032916392363, 0.5733333333333334, 0.5733333333333334, 0.6050032916392363, 0.6354166666666667, 0.6354166666666667, 0.6354166666666667, 0.6354166666666667, 0.6698412698412699, 0.6698412698412699, 0.6698412698412699, 0.6698412698412699, 0.6354166666666667]}