{"dataset": "MR", "test_acc": 0.5724850572383751, "test_f1": 0.5584641756594266}