{"dataset": "snippets", "test_acc": 0.7063778580024067, "test_f1": 0.6978434428226772}