{"train_loss": [7.928542137145996, 7.866428852081299, 7.795253753662109, 7.704044818878174, 7.61652135848999, 7.499746799468994, 7.382596969604492, 7.330399990081787, 7.237689018249512, 7.206209659576416, 7.144772529602051, 7.077802658081055, 7.091202735900879, 7.060726165771484, 7.051303386688232, 7.015571594238281, 6.964539051055908, 6.870578765869141, 6.862843036651611, 6.81479024887085, 6.770962238311768, 6.75381326675415, 6.724566459655762, 6.664721488952637, 6.583662033081055, 6.601524353027344, 6.485344886779785, 6.473193168640137, 6.452031135559082, 6.4751129150390625, 6.356097221374512, 6.291699409484863, 6.245121955871582, 6.242737770080566, 6.181964874267578, 6.155948162078857, 6.109330177307129, 6.086130142211914, 6.057624816894531, 6.013372898101807, 5.980595588684082, 5.933476448059082, 5.874515533447266, 5.868156433105469, 5.843557357788086, 5.819407939910889, 5.797445774078369, 5.780599117279053, 5.767571449279785, 5.751142501831055], "val_acc": [0.15, 0.13125, 0.16875, 0.2625, 0.325, 0.3375, 0.3625, 0.3875, 0.45, 0.45, 0.45, 0.48125, 0.46875, 0.45, 0.45625, 0.4625, 0.46875, 0.48125, 0.5, 0.5, 0.50625, 0.5375, 0.55, 0.55, 0.55, 0.56875, 0.575, 0.60625, 0.61875, 0.6375, 0.625, 0.56875, 0.58125, 0.59375, 0.6, 0.5875, 0.59375, 0.59375, 0.6, 0.6, 0.6125, 0.6125, 0.65625, 0.65, 0.6625, 0.65625, 0.675, 0.68125, 0.69375, 0.6875], "val_f1": [0.07625871184811343, 0.059415584415584415, 0.1095294708197934, 0.19096959419540066, 0.27829832079152733, 0.30183868447282014, 0.316199670218678, 0.33220764172005435, 0.39098078199614883, 0.3853289460995517, 0.38497722365601633, 0.4163388218535278, 0.40704552585357534, 0.3862362805827606, 0.3986887062517315, 0.4106115056745309, 0.41200288672848157, 0.4285760298973694, 0.45985048405327045, 0.4589380110704525, 0.4655875934101741, 0.5049603174603174, 0.519775632005883, 0.5134964176059151, 0.5153315733126526, 0.5394529710408754, 0.549069296462444, 0.5827015969119549, 0.6025852232206532, 0.6249969813991122, 0.6108566366717161, 0.5480052200937293, 0.5647013816221134, 0.5756556130712306, 0.5856867312612182, 0.5697257455901072, 0.5761596790505209, 0.5770195850676887, 0.5862313081003588, 0.5883985817405883, 0.6056050973193262, 0.6056902190461866, 0.6540721334763909, 0.6464155671373388, 0.6565000941139618, 0.6502943997149901, 0.6710517964813689, 0.6802358088452419, 0.6905163063363797, 0.683872583693903]}