{"dataset": "StackOverflow", "test_acc": 0.11182291666666666, "test_f1": 0.07754403381321415}