{"train_loss": [8.752476692199707, 8.659884452819824, 8.593689918518066, 8.540397644042969, 8.44692611694336, 8.403441429138184, 8.34985637664795, 8.282573699951172, 8.222831726074219, 8.20199203491211, 8.201757431030273, 8.193788528442383, 8.165312767028809, 8.170156478881836, 8.122369766235352, 8.163431167602539, 8.104902267456055, 8.095221519470215, 8.044363021850586, 8.042494773864746, 8.003596305847168, 7.983532428741455, 7.990005016326904, 7.968427658081055, 7.954296588897705, 7.956761837005615, 7.955790996551514, 7.921243667602539, 7.930146217346191, 7.869084358215332, 7.869306564331055, 7.865882873535156, 7.853310585021973, 7.820070743560791, 7.778867721557617, 7.833596229553223, 7.823653221130371, 7.7883219718933105, 7.784542083740234, 7.782379627227783, 7.753401756286621, 7.772041320800781, 7.776171684265137, 7.75803279876709, 7.772029876708984, 7.745212078094482, 7.766706943511963, 7.7656025886535645, 7.719684600830078, 7.6967620849609375], "val_acc": [0.0525, 0.06, 0.0525, 0.0575, 0.0525, 0.06, 0.0625, 0.0575, 0.055, 0.0625, 0.0625, 0.0575, 0.0775, 0.085, 0.0825, 0.08, 0.0825, 0.08, 0.075, 0.09, 0.095, 0.0925, 0.0775, 0.075, 0.0775, 0.0775, 0.0775, 0.09, 0.1025, 0.115, 0.105, 0.1025, 0.0925, 0.1, 0.1, 0.105, 0.1075, 0.115, 0.1275, 0.1375, 0.13, 0.135, 0.1375, 0.1325, 0.1325, 0.1375, 0.125, 0.125, 0.125, 0.1175], "val_f1": [0.010187708144111412, 0.020502118664365056, 0.013692598990815838, 0.01423048437809637, 0.014594195373274818, 0.021682457808994242, 0.027798764026749613, 0.024341175607377002, 0.019950990277135254, 0.02416154616616587, 0.028431787960935574, 0.022629241688647626, 0.02939667461801727, 0.03414432443339001, 0.03331307729703452, 0.034047738580570294, 0.03312167465031698, 0.02923667186098125, 0.029979195208619386, 0.04347880733393976, 0.04784999498661694, 0.049923066425294725, 0.03337100127063398, 0.02976183243449727, 0.03481909915353778, 0.034584180594818895, 0.036494200724656346, 0.056020691413275925, 0.06886249258729242, 0.07957859142144368, 0.07102922103073424, 0.06716819583416596, 0.06205986563559892, 0.06484154570703855, 0.06543030747855388, 0.06780425102868001, 0.07046294072815788, 0.07287847138069367, 0.08590893713277822, 0.09929727599239678, 0.09791911487288747, 0.10475291164474194, 0.11039661442220987, 0.10392487013827725, 0.10643467115935426, 0.10663139713586785, 0.09049187561092695, 0.081587163165552, 0.0787069689889432, 0.0717214934858217]}