{"train_loss": [6.461400032043457, 6.378296375274658, 6.311798095703125, 6.280860900878906, 6.203329563140869, 6.155426979064941, 6.082019805908203, 6.049007415771484, 5.991159439086914, 5.956085681915283, 5.876326084136963, 5.857099533081055, 5.7802605628967285, 5.769833564758301, 5.7455735206604, 5.699182033538818, 5.672614097595215, 5.657155990600586, 5.67431116104126, 5.6159234046936035, 5.586784362792969, 5.597631931304932, 5.598959445953369, 5.556433200836182, 5.523159980773926, 5.542409896850586, 5.520458698272705, 5.498879432678223, 5.494171619415283, 5.448111534118652, 5.446298599243164, 5.412778854370117, 5.413657188415527, 5.408376216888428, 5.392254829406738, 5.372973442077637, 5.324957847595215, 5.317967414855957, 5.303426742553711, 5.317348003387451, 5.282251358032227, 5.330177307128906, 5.23908805847168, 5.259643077850342, 5.187379837036133, 5.197407245635986, 5.218642711639404, 5.165435314178467, 5.153219223022461, 5.161068439483643], "val_acc": [0.5, 0.45, 0.475, 0.475, 0.475, 0.45, 0.45, 0.425, 0.45, 0.475, 0.5, 0.525, 0.525, 0.525, 0.55, 0.55, 0.55, 0.525, 0.525, 0.525, 0.525, 0.55, 0.65, 0.625, 0.625, 0.625, 0.625, 0.625, 0.625, 0.625, 0.625, 0.625, 0.625, 0.65, 0.625, 0.625, 0.625, 0.625, 0.625, 0.625, 0.625, 0.625, 0.675, 0.675, 0.675, 0.675, 0.675, 0.675, 0.675, 0.675], "val_f1": [0.48849104859335035, 0.41333333333333333, 0.43204868154158216, 0.43204868154158216, 0.43204868154158216, 0.41333333333333333, 0.41333333333333333, 0.39433838051349573, 0.4270833333333333, 0.4584139264990329, 0.48849104859335035, 0.5174603174603174, 0.5174603174603174, 0.5174603174603174, 0.5454545454545454, 0.5454545454545454, 0.5454545454545454, 0.5223130106851037, 0.5223130106851037, 0.5223130106851037, 0.5223130106851037, 0.5488721804511278, 0.6491228070175439, 0.6228786926461345, 0.6228786926461345, 0.6228786926461345, 0.6228786926461345, 0.6228786926461345, 0.6228786926461345, 0.6228786926461345, 0.6228786926461345, 0.6228786926461345, 0.6228786926461345, 0.6464646464646464, 0.6228786926461345, 0.6228786926461345, 0.6228786926461345, 0.6228786926461345, 0.6228786926461345, 0.6228786926461345, 0.6228786926461345, 0.6228786926461345, 0.6698412698412699, 0.6698412698412699, 0.6698412698412699, 0.6698412698412699, 0.6698412698412699, 0.6698412698412699, 0.6698412698412699, 0.6698412698412699]}