{"train_loss": [6.407020092010498, 6.313674449920654, 6.242166042327881, 6.204953670501709, 6.122929573059082, 6.113652229309082, 6.082679748535156, 6.04263162612915, 6.012119293212891, 5.988229274749756, 5.965231895446777, 5.961761951446533, 5.962294101715088, 5.92862606048584, 5.913092136383057, 5.961560249328613, 5.9007110595703125, 5.919976234436035, 5.888110160827637, 5.836174011230469, 5.845073699951172, 5.82607364654541, 5.854306221008301, 5.836211204528809, 5.794795513153076, 5.772034168243408, 5.738810062408447, 5.76595401763916, 5.767194747924805, 5.770157814025879, 5.761662006378174, 5.737626075744629, 5.699487209320068, 5.714263439178467, 5.664135456085205, 5.677404403686523, 5.736900329589844, 5.724064826965332, 5.660775661468506, 5.664494037628174, 5.653063774108887, 5.685582160949707, 5.66556453704834, 5.639586448669434, 5.642065048217773, 5.579509258270264, 5.60716438293457, 5.591465473175049, 5.584338665008545, 5.5308074951171875], "val_acc": [0.45, 0.475, 0.5, 0.475, 0.475, 0.475, 0.5, 0.475, 0.475, 0.475, 0.475, 0.45, 0.475, 0.475, 0.475, 0.475, 0.5, 0.475, 0.475, 0.475, 0.475, 0.5, 0.5, 0.55, 0.55, 0.55, 0.55, 0.525, 0.525, 0.525, 0.525, 0.525, 0.525, 0.525, 0.55, 0.525, 0.525, 0.55, 0.575, 0.575, 0.55, 0.575, 0.625, 0.65, 0.65, 0.625, 0.6, 0.625, 0.625, 0.625], "val_f1": [0.44862155388471175, 0.4666666666666667, 0.4791666666666667, 0.4470046082949308, 0.4470046082949308, 0.4470046082949308, 0.4791666666666667, 0.4584139264990329, 0.4584139264990329, 0.4584139264990329, 0.4666666666666667, 0.4373401534526854, 0.4584139264990329, 0.4584139264990329, 0.4584139264990329, 0.4584139264990329, 0.4791666666666667, 0.4470046082949308, 0.4470046082949308, 0.4470046082949308, 0.4470046082949308, 0.4791666666666667, 0.4791666666666667, 0.5454545454545454, 0.5454545454545454, 0.5454545454545454, 0.5454545454545454, 0.5223130106851037, 0.5223130106851037, 0.5223130106851037, 0.5223130106851037, 0.5223130106851037, 0.5223130106851037, 0.5223130106851037, 0.5454545454545454, 0.5174603174603174, 0.5174603174603174, 0.5454545454545454, 0.5747342088805503, 0.5747342088805503, 0.5488721804511278, 0.5747342088805503, 0.6247654784240151, 0.6491228070175439, 0.6491228070175439, 0.6247654784240151, 0.6, 0.6247654784240151, 0.6247654784240151, 0.6247654784240151]}