{"dataset": "Twitter", "seed": 1, "test_acc": 0.5753659767794044, "test_f1": 0.5738693620920879}