{"dataset": "Twitter", "test_acc": 0.5939424533064109, "test_f1": 0.5912560359588794}