{"train_loss": [6.390206813812256, 6.325267314910889, 6.259637355804443, 6.200292587280273, 6.174628257751465, 6.102612495422363, 6.089417457580566, 6.039937973022461, 6.010311126708984, 5.97095251083374, 5.975070953369141, 5.920156002044678, 5.920679092407227, 5.930326461791992, 5.8857526779174805, 5.935330390930176, 5.895130634307861, 5.862289905548096, 5.8577189445495605, 5.842719078063965, 5.85047721862793, 5.811980247497559, 5.8037824630737305, 5.785342693328857, 5.766040325164795, 5.791926383972168, 5.756104946136475, 5.7122015953063965, 5.705216884613037, 5.740719318389893, 5.730534553527832, 5.720118522644043, 5.705886363983154, 5.692818641662598, 5.674567222595215, 5.6989946365356445, 5.669048309326172, 5.650128364562988, 5.672167778015137, 5.670673370361328, 5.645018577575684, 5.676208019256592, 5.671066761016846, 5.632540702819824, 5.610866069793701, 5.673518180847168, 5.6049299240112305, 5.609908103942871, 5.588143825531006, 5.612331390380859], "val_acc": [0.5, 0.45, 0.45, 0.425, 0.425, 0.425, 0.475, 0.475, 0.475, 0.475, 0.475, 0.475, 0.5, 0.5, 0.5, 0.5, 0.5, 0.5, 0.5, 0.5, 0.5, 0.475, 0.5, 0.5, 0.5, 0.5, 0.575, 0.575, 0.575, 0.575, 0.575, 0.575, 0.55, 0.575, 0.575, 0.575, 0.55, 0.575, 0.575, 0.575, 0.55, 0.55, 0.575, 0.625, 0.625, 0.625, 0.575, 0.575, 0.625, 0.65], "val_f1": [0.4791666666666667, 0.41333333333333333, 0.41333333333333333, 0.3779580797836376, 0.3779580797836376, 0.3779580797836376, 0.4470046082949308, 0.4470046082949308, 0.4470046082949308, 0.4470046082949308, 0.4470046082949308, 0.4470046082949308, 0.4791666666666667, 0.4791666666666667, 0.4791666666666667, 0.4791666666666667, 0.4791666666666667, 0.4791666666666667, 0.4791666666666667, 0.4791666666666667, 0.4791666666666667, 0.4584139264990329, 0.4791666666666667, 0.4791666666666667, 0.48849104859335035, 0.48849104859335035, 0.5725958516656191, 0.5725958516656191, 0.5725958516656191, 0.5725958516656191, 0.5725958516656191, 0.5725958516656191, 0.5488721804511278, 0.5725958516656191, 0.5725958516656191, 0.5725958516656191, 0.5488721804511278, 0.5747342088805503, 0.5747342088805503, 0.5747342088805503, 0.5488721804511278, 0.5488721804511278, 0.5747342088805503, 0.6247654784240151, 0.6228786926461345, 0.6247654784240151, 0.5747342088805503, 0.5747342088805503, 0.6247654784240151, 0.6464646464646464]}